Date,Open,High,Low,Close,Volume,Adj Close
2015-10-23,50.400002,50.84,49.16,49.380001,742100,49.380001
2015-10-22,48.560001,50.41,48.560001,49.91,767000,49.91
2015-10-21,48.450001,48.450001,48.450001,48.450001,000,48.450001
2015-10-20,47.720001,48.200001,47.400002,47.720001,448300,47.720001
2015-10-19,47.209999,47.91,47.209999,47.669998,400400,47.669998
2015-10-16,48.00,48.00,47.419998,47.549999,482900,47.549999
2015-10-15,47.73,48.380001,47.669998,47.84,482300,47.84
2015-10-14,47.91,48.360001,47.75,47.810001,467100,47.810001
2015-10-13,48.349998,48.720001,47.810001,48.110001,499500,48.110001
2015-10-09,47.970001,48.27,47.779999,48.040001,302400,48.040001
2015-10-08,48.119999,48.619999,47.389999,48.119999,469100,48.119999
2015-10-07,48.02,48.25,47.43,48.220001,444400,48.220001
2015-10-06,48.50,48.700001,47.470001,47.73,516100,47.73
2015-10-05,48.419998,48.98,48.380001,48.669998,516000,48.669998
2015-10-02,47.25,48.669998,47.119999,48.389999,803400,48.389999
2015-10-01,48.349998,48.349998,46.91,47.68,842800,47.68
2015-09-30,47.77,48.400002,47.529999,48.349998,630600,48.349998
2015-09-29,46.990002,47.759998,46.650002,47.279999,1357400,47.279999
2015-09-28,47.509998,47.900002,46.900002,46.959999,903900,46.959999
2015-09-25,47.849998,48.610001,47.240002,47.799999,1382700,47.799999
2015-09-24,47.389999,47.82,46.52,47.34,794200,47.34
2015-09-23,48.07,48.490002,47.560001,47.689999,411500,47.689999
2015-09-22,48.189999,48.50,47.27,48.16,769900,48.16
2015-09-21,47.919998,49.330002,47.919998,48.860001,1182700,48.860001
2015-09-18,46.57,47.93,46.400002,47.849998,2110200,47.849998
2015-09-17,47.419998,47.900002,47.02,47.18,1252200,47.18
2015-09-16,47.450001,47.799999,47.32,47.41,946700,47.41
2015-09-15,47.830002,47.860001,47.220001,47.419998,1491400,47.419998
2015-09-14,47.860001,48.009998,47.200001,47.799999,939700,47.799999
2015-09-11,47.630001,48.34,47.610001,47.900002,399400,47.900002
2015-09-10,47.73,48.560001,47.709999,47.98,231900,47.98
2015-09-09,48.939999,49.490002,47.950001,48.00,440900,48.00
2015-09-08,48.240002,48.990002,48.07,48.810001,389700,48.810001
2015-09-04,47.50,48.27,47.299999,47.610001,319700,47.610001
2015-09-03,48.799999,48.799999,47.98,48.049999,312900,48.049999
2015-09-02,48.32,49.279999,48.200001,48.639999,1538700,48.639999
2015-09-01,47.709999,48.450001,47.549999,47.880001,490000,47.880001
2015-08-31,49.580002,49.900002,48.380001,48.599998,769900,48.599998
2015-08-28,49.389999,49.84,49.02,49.610001,643400,49.610001
2015-08-27,48.939999,49.700001,48.029999,49.68,714300,49.68
2015-08-26,46.619999,48.59,46.610001,48.549999,771200,48.549999
2015-08-25,47.009998,47.240002,46.09,46.259998,541400,46.259998
2015-08-24,42.52,47.650002,42.490002,45.830002,1091500,45.830002
2015-08-21,46.970001,48.400002,46.73,46.919998,988400,46.919998
2015-08-20,48.709999,48.759998,47.459999,47.59,610500,47.59
2015-08-19,49.759998,49.919998,48.779999,49.130001,460500,49.130001
2015-08-18,50.099998,50.799999,49.689999,49.77,361700,49.77
2015-08-17,50.259998,50.360001,49.439999,50.25,266100,50.25
2015-08-14,49.25,50.82,49.049999,50.540001,411400,50.540001
2015-08-13,49.029999,49.50,48.650002,49.189999,245600,49.189999
2015-08-12,48.990002,49.00,47.18,48.830002,618500,48.830002
2015-08-11,49.139999,49.259998,47.849998,49.080002,832300,49.080002
2015-08-10,49.98,50.360001,49.240002,49.349998,444200,49.349998
2015-08-07,49.919998,50.09,48.900002,49.98,679400,49.98
2015-08-06,50.009998,50.150002,49.27,50.00,794000,50.00
2015-08-05,49.619999,50.82,49.450001,50.27,751200,50.27
2015-08-04,49.049999,49.560001,48.610001,49.52,594100,49.52
2015-07-31,48.490002,48.98,48.189999,48.860001,680600,48.860001
2015-07-30,48.00,48.610001,47.66,48.400002,808500,48.400002
2015-07-29,49.00,49.00,47.32,48.34,1812200,48.34
2015-07-28,50.25,50.450001,49.419998,50.23,512100,50.23
2015-07-27,50.02,50.59,49.939999,50.209999,408900,50.209999
2015-07-24,50.869999,51.48,50.52,50.799999,416100,50.799999
2015-07-23,50.799999,51.279999,50.43,50.93,438500,50.93
2015-07-22,51.720001,51.720001,50.869999,50.939999,928100,50.939999
2015-07-21,52.209999,52.32,51.48,51.700001,381000,51.700001
2015-07-20,52.209999,53.130001,52.200001,52.400002,313000,52.400002
2015-07-17,52.220001,52.400002,52.009998,52.310001,493000,52.310001
2015-07-16,51.27,52.41,51.27,52.25,721700,52.25
2015-07-15,51.610001,51.939999,51.02,51.299999,570500,51.299999
2015-07-14,50.779999,51.650002,50.439999,51.450001,475700,51.450001
2015-07-13,49.549999,50.779999,49.549999,50.700001,544400,50.700001
2015-07-10,49.509998,49.75,49.130001,49.380001,839900,49.380001
2015-07-09,49.130001,49.91,48.459999,48.540001,602300,48.540001
2015-07-08,49.860001,49.91,48.27,48.639999,608100,48.639999
2015-07-07,50.009998,50.099998,48.700001,49.990002,497800,49.990002
2015-07-06,49.240002,50.52,49.240002,50.060001,722600,50.060001
2015-07-03,49.91,50.099998,49.459999,49.889999,96300,49.889999
2015-07-02,49.25,50.18,48.349998,50.009998,588100,50.009998
2015-06-30,49.400002,49.57,48.610001,48.849998,1177500,48.849998
2015-06-29,50.75,50.900002,49.150002,49.310001,555100,49.310001
2015-06-26,51.139999,51.310001,50.880001,51.220001,446500,51.220001
2015-06-25,50.700001,51.32,50.619999,51.049999,519200,51.049999
2015-06-24,50.509998,50.919998,50.349998,50.50,444300,50.50
2015-06-23,51.349998,51.509998,50.419998,50.529999,502000,50.529999
2015-06-22,49.799999,51.490002,49.799999,51.029999,474200,51.029999
2015-06-19,50.279999,50.810001,49.650002,49.669998,1998200,49.669998
2015-06-18,51.009998,51.25,50.509998,50.790001,454200,50.790001
2015-06-17,51.330002,51.790001,50.93,51.389999,397900,51.389999
2015-06-16,51.869999,52.00,51.369999,51.59,411600,51.59
2015-06-15,52.349998,52.66,51.650002,52.02,361900,52.02
2015-06-12,52.029999,52.790001,52.02,52.66,536500,52.66
2015-06-11,52.639999,52.91,51.919998,52.41,344200,52.41
2015-06-10,51.400002,52.790001,51.220001,52.639999,679500,52.639999
2015-06-09,50.959999,51.799999,50.529999,51.799999,594300,51.799999
2015-06-08,52.50,52.59,50.619999,51.139999,548500,51.139999
2015-06-05,53.00,53.00,52.32,52.700001,357800,52.700001
2015-06-04,53.27,53.869999,52.889999,53.25,427000,53.25
2015-06-03,52.599998,53.689999,52.23,53.57,469400,53.57
2015-06-02,52.669998,52.720001,52.049999,52.68,582600,52.68
2015-06-01,52.740002,53.00,52.27,52.869999,684200,52.869999
2015-05-29,52.650002,52.990002,51.91,52.68,546400,52.68
2015-05-28,52.66,53.16,52.459999,52.650002,711800,52.650002
2015-05-27,52.950001,53.02,52.720001,52.77,442600,52.77
2015-05-26,53.150002,53.41,52.740002,52.880001,826600,52.880001
2015-05-25,53.23,53.560001,52.900002,53.150002,74900,53.150002
2015-05-22,53.34,53.52,52.98,53.279999,236900,53.279999
2015-05-21,53.09,53.330002,52.57,53.110001,594200,53.110001
2015-05-20,55.139999,55.139999,52.860001,52.950001,968100,52.950001
2015-05-19,53.669998,55.349998,53.59,55.16,1183500,55.16
2015-05-18,53.209999,53.209999,53.209999,53.209999,000,53.209999
2015-05-15,51.950001,53.240002,51.82,53.209999,543300,53.209999
2015-05-14,51.349998,52.259998,51.240002,51.950001,660400,51.950001
2015-05-13,51.59,52.09,51.09,51.299999,396000,51.299999
2015-05-12,52.150002,52.200001,51.580002,51.73,531400,51.73
2015-05-11,52.560001,52.790001,52.110001,52.290001,619400,52.290001
2015-05-08,52.419998,52.740002,51.950001,52.509998,702600,52.509998
2015-05-07,51.209999,52.16,51.09,51.900002,682700,51.900002
2015-05-06,51.48,51.48,50.790001,51.189999,1019700,51.189999
2015-05-05,51.549999,51.560001,50.919998,51.290001,993500,51.290001
2015-05-04,51.639999,52.360001,50.889999,51.419998,1030700,51.419998
2015-05-01,50.790001,51.799999,50.560001,51.639999,637700,51.639999
2015-04-30,51.119999,51.439999,50.220001,50.779999,991100,50.779999
2015-04-29,52.450001,52.450001,51.080002,51.619999,1188300,51.619999
2015-04-28,53.779999,54.080002,52.759998,53.689999,814000,53.689999
2015-04-27,55.560001,55.650002,53.790001,54.189999,963500,54.189999
2015-04-24,55.959999,56.060001,55.110001,55.52,424400,55.52
2015-04-23,55.720001,55.91,55.50,55.849998,380000,55.849998
2015-04-22,55.830002,56.189999,55.279999,55.959999,457400,55.959999
2015-04-21,55.189999,55.799999,55.189999,55.779999,533000,55.779999
2015-04-20,55.369999,55.98,54.669998,55.139999,792100,55.139999
2015-04-17,55.810001,55.810001,54.799999,55.16,572100,55.16
2015-04-16,56.540001,56.619999,55.919998,56.169998,614700,56.169998
2015-04-15,56.959999,57.139999,56.360001,56.689999,553300,56.689999
2015-04-14,57.389999,57.400002,56.630001,56.77,677700,56.77
2015-04-13,55.950001,57.310001,55.869999,57.310001,700100,57.310001
2015-04-10,55.919998,56.290001,55.549999,56.049999,511100,56.049999
2015-04-09,55.200001,56.220001,55.049999,55.549999,483000,55.549999
2015-04-08,55.00,56.330002,55.00,55.349998,622200,55.349998
2015-04-07,54.349998,55.400002,53.950001,55.00,558900,55.00
2015-04-06,53.470001,54.18,53.349998,53.98,717100,53.98
2015-04-02,53.27,54.200001,53.220001,54.029999,508000,54.029999
2015-04-01,53.57,53.75,52.900002,53.639999,544300,53.639999
2015-03-31,53.57,53.959999,53.150002,53.720001,637300,53.720001
2015-03-30,54.310001,55.049999,54.060001,54.060001,739100,54.060001
2015-03-27,53.77,54.57,53.599998,54.299999,566700,54.299999
2015-03-26,52.52,54.439999,52.52,54.029999,790800,54.029999
2015-03-25,54.650002,54.75,52.990002,53.41,691800,53.41
2015-03-24,54.299999,55.119999,54.150002,54.639999,534300,54.639999
2015-03-23,54.529999,54.66,54.07,54.27,569700,54.27
2015-03-20,55.68,55.75,54.610001,54.720001,1735100,54.720001
2015-03-19,55.580002,55.849998,55.130001,55.48,1062500,55.48
2015-03-18,55.349998,55.849998,55.00,55.32,471200,55.32
2015-03-17,54.84,55.52,54.459999,55.32,462700,55.32
2015-03-16,54.25,55.509998,53.990002,55.259998,670800,55.259998
2015-03-13,54.02,54.279999,53.50,54.099998,428500,54.099998
2015-03-12,53.75,54.450001,53.700001,54.169998,654500,54.169998
2015-03-11,53.119999,53.91,53.00,53.50,438000,53.50
2015-03-10,53.16,53.93,53.07,53.119999,696500,53.119999
2015-03-09,52.91,53.779999,52.810001,53.540001,614400,53.540001
2015-03-06,53.189999,54.099998,52.630001,52.91,627300,52.91
2015-03-05,53.32,53.459999,52.880001,53.23,489300,53.23
2015-03-04,52.50,52.91,51.849998,52.900002,656400,52.900002
2015-03-03,54.169998,54.169998,52.560001,52.639999,838000,52.639999
2015-03-02,52.610001,53.950001,52.029999,53.75,1228500,53.75
2015-02-27,54.119999,54.310001,52.25,52.310001,1734300,52.310001
2015-02-26,53.599998,54.540001,53.470001,54.220001,614100,54.220001
2015-02-25,55.00,55.18,53.529999,53.57,951800,53.57
2015-02-24,55.939999,57.689999,53.860001,54.049999,3288100,54.049999
2015-02-23,52.509998,56.00,52.50,55.459999,2130400,55.459999
2015-02-20,51.959999,52.349998,51.720001,52.240002,609700,52.240002
2015-02-19,51.880001,52.200001,51.709999,51.799999,621500,51.799999
2015-02-18,51.919998,52.419998,51.549999,51.900002,927500,51.900002
2015-02-17,51.509998,52.490002,51.189999,51.919998,729000,51.919998
2015-02-13,52.50,52.889999,52.150002,52.209999,925600,52.209999
2015-02-12,52.52,53.150002,52.139999,52.240002,828800,52.240002
2015-02-11,53.25,54.689999,51.84,52.470001,1348700,52.470001
2015-02-10,52.00,53.549999,52.00,53.130001,1009100,53.130001
2015-02-09,51.439999,51.700001,50.77,51.540001,799200,51.540001
2015-02-06,51.439999,52.130001,51.119999,51.740002,1032200,51.740002
2015-02-05,50.529999,51.189999,50.060001,50.880001,741400,50.880001
2015-02-04,49.400002,50.740002,49.349998,50.529999,882000,50.529999
2015-02-03,50.18,50.279999,49.349998,49.450001,806700,49.450001
2015-02-02,50.349998,51.330002,49.82,50.029999,1493000,50.029999
2015-01-30,49.779999,51.400002,49.380001,50.349998,1940500,50.349998
2015-01-29,48.490002,50.380001,48.27,49.900002,1722800,49.900002
2015-01-28,46.950001,50.650002,46.950001,48.41,3463300,48.41
2015-01-27,47.509998,47.599998,46.360001,46.919998,1478000,46.919998
2015-01-26,48.150002,49.080002,47.939999,48.23,724500,48.23
2015-01-23,48.150002,48.610001,47.880001,48.299999,1102900,48.299999
2015-01-22,47.540001,48.450001,47.259998,48.00,803300,48.00
2015-01-21,46.68,47.66,46.599998,47.360001,682600,47.360001
2015-01-20,46.849998,47.27,46.029999,46.610001,699800,46.610001
2015-01-19,46.66,46.759998,45.919998,46.700001,282200,46.700001
2015-01-16,45.540001,46.830002,45.25,46.599998,937900,46.599998
2015-01-15,44.869999,45.91,44.240002,45.439999,1085000,45.439999
2015-01-14,44.400002,44.619999,43.509998,44.209999,551400,44.209999
2015-01-13,44.34,45.299999,44.099998,44.619999,811300,44.619999
2015-01-12,44.599998,45.040001,43.700001,44.049999,595500,44.049999
2015-01-09,45.009998,45.549999,44.349998,44.639999,554900,44.639999
2015-01-08,44.189999,44.98,44.09,44.869999,664100,44.869999
2015-01-07,43.919998,44.349998,43.540001,43.849998,643400,43.849998
2015-01-06,44.00,44.330002,42.919998,43.66,787200,43.66
2015-01-05,43.75,44.209999,43.509998,44.049999,773000,44.049999
2015-01-02,44.50,45.439999,44.169998,44.57,494300,44.57
2014-12-31,44.580002,45.02,44.130001,44.290001,614000,44.290001
2014-12-30,45.029999,45.419998,44.450001,44.57,464300,44.57
2014-12-29,44.849998,45.279999,44.18,45.049999,563900,45.049999
2014-12-24,44.939999,45.549999,44.599998,44.610001,265900,44.610001
2014-12-23,44.619999,44.990002,44.009998,44.830002,483000,44.830002
2014-12-22,44.259998,44.810001,44.060001,44.549999,949200,44.549999
2014-12-19,43.439999,44.34,43.00,44.209999,2409100,44.209999
2014-12-18,42.59,43.139999,42.099998,43.07,1090900,43.07
2014-12-17,41.349998,42.560001,41.200001,42.310001,1294500,42.310001
2014-12-16,40.470001,41.48,40.07,41.110001,987000,41.110001
2014-12-15,40.529999,41.080002,39.93,40.610001,831100,40.610001
2014-12-12,41.099998,41.349998,40.360001,40.389999,474300,40.389999
2014-12-11,41.130001,41.779999,40.700001,41.27,560100,41.27
2014-12-10,41.00,41.400002,40.529999,40.91,846100,40.91
2014-12-09,40.860001,41.290001,40.470001,41.009998,690800,41.009998
2014-12-08,41.880001,41.959999,40.43,41.25,1756500,41.25
2014-12-05,41.23,42.040001,41.16,41.970001,1069500,41.970001
2014-12-04,41.889999,42.41,40.75,40.970001,1580200,40.970001
2014-12-03,41.32,42.02,41.139999,41.91,617200,41.91
2014-12-02,41.709999,42.00,41.290001,41.459999,1377400,41.459999
2014-12-01,41.799999,42.18,41.330002,41.630001,908700,41.630001
2014-11-28,41.900002,42.290001,41.68,41.68,571600,41.68
2014-11-27,41.450001,41.950001,41.259998,41.91,1346200,41.91
2014-11-26,41.16,41.490002,40.830002,41.25,346300,41.25
2014-11-25,41.00,41.299999,40.43,41.099998,765100,41.099998
2014-11-24,41.09,41.470001,40.75,41.07,515700,41.07
2014-11-21,41.009998,41.27,40.75,41.099998,943100,41.099998
2014-11-20,41.490002,41.490002,40.709999,40.900002,699400,40.900002
2014-11-19,41.990002,41.990002,41.310001,41.66,711700,41.66
2014-11-18,41.25,41.900002,41.16,41.52,949600,41.52
2014-11-17,40.900002,41.68,40.52,41.00,1154400,41.00
2014-11-14,40.709999,41.380001,40.599998,40.849998,1090800,40.849998
2014-11-13,39.66,40.810001,39.380001,40.549999,1656900,40.549999
2014-11-12,39.50,39.59,38.860001,39.459999,966800,39.459999
2014-11-10,39.849998,40.73,39.830002,40.389999,684600,40.389999
2014-11-07,39.900002,40.099998,39.360001,39.880001,496900,39.880001
2014-11-06,39.75,40.18,39.400002,39.939999,438500,39.939999
2014-11-05,39.450001,40.18,39.310001,39.549999,542200,39.549999
2014-11-04,38.389999,39.330002,38.389999,39.18,1226900,39.18
2014-11-03,38.880001,38.880001,38.200001,38.439999,377700,38.439999
2014-10-31,38.450001,39.200001,38.389999,38.689999,548300,38.689999
2014-10-30,38.130001,38.529999,37.93,38.07,355900,38.07
2014-10-29,38.639999,38.650002,37.75,38.09,515500,38.09
2014-10-28,38.02,38.73,37.889999,38.610001,395500,38.610001
2014-10-27,37.580002,38.09,37.299999,37.990002,479000,37.990002
2014-10-24,37.23,37.779999,37.02,37.470001,464600,37.470001
2014-10-23,36.970001,37.330002,36.830002,37.169998,564700,37.169998
2014-10-22,37.529999,37.630001,36.59,36.759998,577900,36.759998
2014-10-21,37.00,37.990002,36.75,37.560001,739500,37.560001
2014-10-20,38.00,38.099998,36.349998,36.950001,1102600,36.950001
2014-10-17,37.919998,38.110001,37.560001,37.93,406200,37.93
2014-10-16,37.91,38.099998,37.75,37.880001,1028200,37.880001
2014-10-15,38.060001,38.400002,38.00,38.060001,722900,38.060001
2014-10-14,38.00,38.599998,37.98,38.259998,477200,38.259998
2014-10-10,38.27,38.529999,37.650002,38.029999,838300,38.029999
2014-10-09,38.080002,38.610001,37.950001,38.34,613700,38.34
2014-10-08,37.91,38.310001,37.830002,38.060001,643300,38.060001
2014-10-07,38.310001,38.869999,37.919998,38.029999,618100,38.029999
2014-10-06,38.360001,38.740002,38.310001,38.450001,581800,38.450001
2014-10-03,38.689999,39.060001,38.080002,38.23,739400,38.23
2014-10-02,37.84,38.84,37.700001,38.59,3056500,38.59
2014-10-01,37.650002,37.98,37.59,37.759998,460500,37.759998
2014-09-30,37.509998,38.00,37.220001,37.84,585400,37.84
2014-09-29,37.66,37.900002,37.509998,37.580002,388600,37.580002
2014-09-26,37.310001,37.959999,37.259998,37.82,420200,37.82
2014-09-25,37.970001,38.080002,37.200001,37.34,496500,37.34
2014-09-24,38.07,38.16,37.540001,38.049999,466400,38.049999
2014-09-23,37.669998,38.279999,37.669998,37.990002,630700,37.990002
2014-09-22,38.490002,38.490002,37.150002,37.810001,502200,37.810001
2014-09-19,38.919998,39.040001,37.720001,38.16,1129700,38.16
2014-09-18,38.990002,39.439999,38.77,38.990002,482700,38.990002
2014-09-17,38.779999,38.959999,38.599998,38.900002,307200,38.900002
2014-09-16,38.779999,39.330002,38.669998,38.860001,427100,38.860001
2014-09-15,39.029999,39.139999,38.599998,38.990002,368600,38.990002
2014-09-12,39.23,39.459999,39.00,39.27,559200,39.27
2014-09-11,39.279999,39.349998,38.860001,39.23,605800,39.23
2014-09-10,39.240002,39.669998,39.119999,39.169998,418300,39.169998
2014-09-09,39.400002,39.470001,38.830002,39.139999,614100,39.139999
2014-09-08,39.66,39.869999,39.330002,39.400002,313900,39.400002
2014-09-05,39.57,39.82,39.57,39.650002,443800,39.650002
2014-09-04,39.91,39.959999,39.380001,39.580002,622400,39.580002
2014-09-03,39.450001,40.169998,39.450001,39.84,983800,39.84
2014-09-02,38.549999,39.32,38.290001,39.220001,1064500,39.220001
2014-08-29,38.84,39.080002,38.450001,38.48,659000,38.48
2014-08-28,39.009998,39.27,38.66,38.75,1103600,38.75
2014-08-27,39.34,39.830002,39.130001,39.299999,670600,39.299999
2014-08-26,38.799999,39.389999,38.700001,39.200001,675500,39.200001
2014-08-25,37.91,38.66,37.91,38.650002,528500,38.650002
2014-08-22,38.049999,38.209999,37.75,37.799999,435300,37.799999
2014-08-21,37.639999,38.32,37.619999,37.98,733200,37.98
2014-08-20,36.98,37.700001,36.869999,37.650002,393100,37.650002
2014-08-19,37.099998,37.099998,36.779999,36.889999,489500,36.889999
2014-08-18,37.099998,37.099998,36.860001,36.970001,387600,36.970001
2014-08-15,37.509998,37.59,36.52,36.75,583800,36.75
2014-08-14,37.41,37.580002,37.23,37.509998,220700,37.509998
2014-08-13,37.459999,37.66,37.240002,37.330002,673300,37.330002
2014-08-12,37.540001,37.700001,37.139999,37.27,622400,37.27
2014-08-11,37.209999,38.060001,37.189999,37.52,448100,37.52
2014-08-08,37.389999,37.389999,37.009998,37.209999,746300,37.209999
2014-08-07,38.619999,38.619999,37.34,37.439999,829900,37.439999
2014-08-06,38.25,38.799999,37.93,38.619999,589700,38.619999
2014-08-05,39.00,39.00,38.389999,38.580002,704900,38.580002
2014-08-01,39.00,39.049999,38.360001,38.68,747000,38.68
2014-07-31,39.50,39.599998,38.43,39.110001,942800,39.110001
2014-07-30,38.779999,39.889999,38.599998,38.82,1886400,38.82
2014-07-29,38.50,39.02,38.279999,38.450001,815800,38.450001
2014-07-28,38.400002,38.619999,38.27,38.48,933500,38.48
2014-07-25,38.02,38.48,37.950001,38.459999,420400,38.459999
2014-07-24,37.639999,38.099998,37.490002,38.080002,559500,38.080002
2014-07-23,38.00,38.00,37.32,37.50,676600,37.50
2014-07-22,38.080002,38.279999,37.93,37.990002,442400,37.990002
2014-07-21,38.130001,38.23,37.720001,37.82,263400,37.82
2014-07-18,38.00,38.470001,37.709999,38.32,327000,38.32
2014-07-17,38.34,38.50,37.959999,38.060001,310400,38.060001
2014-07-16,38.48,38.73,38.290001,38.310001,393300,38.310001
2014-07-15,38.459999,38.650002,38.240002,38.25,557200,38.25
2014-07-14,38.290001,38.48,37.93,38.48,422000,38.48
2014-07-11,38.00,38.209999,37.560001,38.080002,409500,38.080002
2014-07-10,37.830002,38.00,37.43,37.720001,460600,37.720001
2014-07-09,37.389999,38.040001,37.240002,38.02,715100,38.02
2014-07-08,37.990002,37.990002,36.759998,37.290001,1119300,37.290001
2014-07-07,38.330002,38.34,37.48,37.599998,611600,37.599998
2014-07-04,37.82,38.34,37.82,38.07,109500,38.07
2014-07-03,38.50,38.50,37.889999,37.950001,381900,37.950001
2014-07-02,38.360001,38.650002,38.00,38.400002,581500,38.400002
2014-06-30,37.939999,38.73,37.689999,37.82,694200,37.82
2014-06-27,37.139999,37.84,36.77,37.830002,587800,37.830002
2014-06-26,36.27,37.080002,36.150002,37.029999,554000,37.029999
2014-06-25,36.279999,36.50,36.099998,36.25,398500,36.25
2014-06-24,36.869999,36.939999,36.290001,36.369999,469400,36.369999
2014-06-23,36.799999,36.799999,36.380001,36.48,574500,36.48
2014-06-20,36.549999,36.75,36.349998,36.540001,1736600,36.540001
2014-06-19,37.599998,37.599998,36.57,36.700001,500100,36.700001
2014-06-18,37.43,37.68,37.419998,37.580002,306700,37.580002
2014-06-17,37.200001,37.59,37.16,37.299999,306300,37.299999
2014-06-16,37.330002,37.48,36.889999,37.25,336400,37.25
2014-06-13,36.57,37.439999,36.57,37.310001,839200,37.310001
2014-06-12,36.84,36.939999,36.419998,36.50,317300,36.50
2014-06-11,36.900002,37.18,36.68,37.040001,520500,37.040001
2014-06-10,37.00,37.150002,36.68,36.860001,268800,36.860001
2014-06-09,37.09,37.099998,36.75,36.900002,555500,36.900002
2014-06-06,36.700001,37.200001,36.599998,37.060001,1337900,37.060001
2014-06-05,36.419998,36.77,36.200001,36.709999,717500,36.709999
2014-06-04,36.48,36.650002,36.080002,36.450001,527600,36.450001
2014-06-03,36.450001,36.740002,36.279999,36.50,486400,36.50
2014-06-02,37.119999,37.130001,36.43,36.490002,442000,36.490002
2014-05-30,36.82,36.900002,36.360001,36.900002,1126500,36.900002
2014-05-29,37.00,37.119999,36.41,36.799999,542700,36.799999
2014-05-28,37.439999,37.439999,36.610001,37.009998,363900,37.009998
2014-05-27,37.27,37.470001,37.16,37.25,548000,37.25
2014-05-26,37.200001,37.48,37.110001,37.240002,62700,37.240002
2014-05-23,36.900002,37.360001,36.799999,37.23,961900,37.23
2014-05-22,37.400002,37.400002,36.720001,36.779999,560500,36.779999
2014-05-21,36.68,37.34,36.599998,37.330002,598600,37.330002
2014-05-20,36.610001,36.84,36.369999,36.529999,1273300,36.529999
2014-05-16,36.939999,37.07,36.34,36.380001,975000,36.380001
2014-05-15,36.799999,36.91,35.419998,36.779999,1754500,36.779999
2014-05-14,38.200001,38.200001,36.68,36.830002,1012400,36.830002
2014-05-13,38.00,38.330002,37.52,37.939999,725000,37.939999
2014-05-12,37.470001,37.900002,37.34,37.830002,339300,37.830002
2014-05-09,37.130001,37.68,36.91,37.43,535900,37.43
2014-05-08,37.610001,37.790001,36.830002,37.150002,642800,37.150002
2014-05-07,37.549999,37.990002,37.130001,37.599998,534400,37.599998
2014-05-06,37.84,37.889999,37.18,37.439999,1116600,37.439999
2014-05-05,39.049999,39.150002,37.830002,38.060001,1144700,38.060001
2014-05-02,39.279999,39.349998,38.450001,39.080002,702400,39.080002
2014-05-01,39.59,40.209999,38.939999,39.110001,1008600,39.110001
2014-04-30,40.91,40.93,38.93,39.52,3513700,39.52
2014-04-29,37.959999,38.75,37.450001,38.080002,1271300,38.080002
2014-04-28,38.150002,38.25,37.509998,37.91,974300,37.91
2014-04-25,37.619999,38.439999,37.450001,38.139999,1597500,38.139999
2014-04-24,37.25,37.740002,36.790001,37.639999,893600,37.639999
2014-04-23,36.77,37.16,36.580002,36.939999,739400,36.939999
2014-04-22,36.57,36.73,36.380001,36.580002,525200,36.580002
2014-04-21,36.439999,36.549999,36.07,36.450001,427600,36.450001
2014-04-17,36.169998,36.57,35.919998,36.330002,517900,36.330002
2014-04-16,36.099998,36.34,35.740002,36.169998,678900,36.169998
2014-04-15,35.360001,36.349998,35.200001,36.00,1083500,36.00
2014-04-14,35.50,35.73,35.07,35.220001,607900,35.220001
2014-04-11,35.099998,35.459999,34.799999,35.189999,833100,35.189999
2014-04-10,35.959999,36.049999,34.57,35.00,902000,35.00
2014-04-09,34.880001,36.029999,34.759998,35.939999,969000,35.939999
2014-04-08,34.080002,34.77,34.049999,34.689999,680700,34.689999
2014-04-07,34.700001,34.959999,33.98,34.080002,798000,34.080002
2014-04-04,35.27,35.599998,34.639999,34.77,700200,34.77
2014-04-03,34.779999,35.419998,34.669998,35.299999,1033700,35.299999
2014-04-02,34.259998,34.849998,34.169998,34.82,577200,34.82
2014-04-01,34.130001,34.560001,34.02,34.18,510700,34.18
2014-03-31,34.049999,34.57,34.009998,34.130001,532700,34.130001
2014-03-28,34.169998,34.619999,33.759998,33.970001,577800,33.970001
2014-03-27,34.380001,34.470001,33.939999,33.990002,745200,33.990002
2014-03-26,34.900002,35.290001,34.200001,34.259998,783800,34.259998
2014-03-25,34.450001,35.259998,34.41,34.830002,581000,34.830002
2014-03-24,34.360001,35.099998,34.110001,34.41,573100,34.41
2014-03-21,35.200001,35.540001,34.310001,34.360001,1459100,34.360001
2014-03-20,35.049999,35.57,34.610001,35.389999,609500,35.389999
2014-03-19,35.00,35.43,34.599998,35.16,433800,35.16
2014-03-18,34.700001,35.00,34.459999,34.77,1058500,34.77
2014-03-17,34.18,34.779999,34.18,34.700001,581600,34.700001
2014-03-14,34.77,34.869999,34.080002,34.16,1240000,34.16
2014-03-13,35.57,35.66,34.849998,34.849998,1418800,34.849998
2014-03-12,34.869999,35.68,34.50,35.599998,810900,35.599998
2014-03-11,36.369999,36.450001,34.919998,35.029999,948600,35.029999
2014-03-10,36.009998,36.759998,36.00,36.470001,408600,36.470001
2014-03-07,36.400002,36.50,35.860001,35.93,767100,35.93
2014-03-06,36.34,36.50,36.060001,36.34,1032500,36.34
2014-03-05,35.639999,36.200001,35.099998,36.16,714800,36.16
2014-03-04,35.439999,35.98,35.09,35.639999,789700,35.639999
2014-03-03,35.860001,35.900002,34.869999,35.060001,1079500,35.060001
2014-02-28,36.439999,36.759998,36.099998,36.169998,697900,36.169998
2014-02-27,36.400002,36.810001,36.029999,36.619999,685500,36.619999
2014-02-26,35.77,36.880001,35.77,36.43,671300,36.43
2014-02-25,36.150002,36.540001,35.740002,35.77,521900,35.77
2014-02-24,36.50,36.799999,36.029999,36.16,597700,36.16
2014-02-21,37.16,37.23,36.470001,36.50,769700,36.50
2014-02-20,35.700001,37.400002,35.700001,37.23,1473700,37.23
2014-02-19,35.57,36.18,35.32,35.73,859200,35.73
2014-02-18,36.00,36.07,35.200001,35.310001,928400,35.310001
2014-02-14,34.439999,35.439999,34.150002,35.41,970200,35.41
2014-02-13,34.310001,34.77,34.049999,34.400002,858800,34.400002
2014-02-12,34.50,34.98,34.080002,34.139999,805100,34.139999
2014-02-11,33.009998,34.75,33.009998,34.32,1467700,34.32
2014-02-10,33.369999,33.68,32.889999,32.889999,914500,32.889999
2014-02-07,33.490002,33.490002,33.049999,33.27,973000,33.27
2014-02-06,32.849998,33.41,32.849998,33.23,1054200,33.23
2014-02-05,33.150002,33.279999,32.810001,32.849998,1332800,32.849998
2014-02-04,33.349998,33.560001,33.16,33.299999,1592200,33.299999
2014-02-03,34.240002,34.240002,33.060001,33.349998,2676500,33.349998
2014-01-31,33.560001,34.169998,33.259998,34.169998,1384500,34.169998
2014-01-30,34.75,34.91,33.709999,33.91,2308500,33.91
2014-01-29,33.50,34.060001,32.709999,33.470001,4215200,33.470001
2014-01-28,34.09,35.25,34.00,35.23,1172600,35.23
2014-01-27,34.93,35.040001,33.82,34.09,2415400,34.09
2014-01-24,34.619999,34.900002,34.25,34.880001,1075600,34.880001
2014-01-23,35.50,35.50,34.23,34.619999,1014200,34.619999
2014-01-22,34.50,34.810001,34.50,34.68,996500,34.68
2014-01-21,35.50,35.709999,34.599998,34.639999,925100,34.639999
2014-01-20,35.400002,35.450001,34.82,35.099998,273900,35.099998
2014-01-17,35.669998,35.77,35.27,35.419998,834200,35.419998
2014-01-16,35.049999,35.84,35.00,35.59,1245500,35.59
2014-01-15,34.48,35.080002,34.439999,34.869999,1726900,34.869999
2014-01-14,34.389999,34.709999,34.330002,34.400002,2209300,34.400002
2014-01-13,34.400002,35.369999,34.310001,34.360001,1819000,34.360001
2014-01-10,35.299999,35.66,33.98,34.369999,4225800,34.369999
2014-01-09,34.450001,35.790001,34.43,35.25,2016300,35.25
2014-01-08,34.650002,34.830002,34.43,34.459999,2670400,34.459999
2014-01-07,34.799999,35.00,34.16,34.560001,1443600,34.560001
2014-01-06,34.950001,35.110001,34.52,34.799999,1466700,34.799999
2014-01-03,35.00,35.48,34.959999,34.959999,1192100,34.959999
2014-01-02,35.50,35.59,34.400002,34.900002,960800,34.900002
